{"cameraMode":{"drawMode":0,"name":"Shaded","section":"Shading Mode"},"sceneLighting":true,"audioPlay":false,"sceneViewState":{"m_AlwaysRefresh":false,"showFog":true,"showSkybox":true,"showFlares":true,"showImageEffects":true,"showParticleSystems":true,"showVisualEffectGraphs":true,"m_FxEnabled":true},"in2DMode":false,"pivot":{"x":1001.3880004882813,"y":478.4474182128906,"z":-5.90826416015625},"rotation":{"x":-0.01798919215798378,"y":-0.032988715916872028,"z":-0.0005943366559222341,"w":0.9993030428886414},"size":682.9007568359375,"orthographic":false}